ITS2_type_profile,Sample,105,104,108,117,109,110,107,116,119,113,106,111,112,114,115,118,120,121,122,128,135,130,132,129,124,126,138,174,133,134,127,168,141,131,136,137,139,147,123,153,148,149,150,154,173,140,142,144,145,146,151,152,169,171,159,156,170,155,161,160,172,158,157,162,163,166,164,165,167
858,19AMSC1,0,0,0,0,0,0,0,0,0,0,0,0,0,0,0,0,0,0,0,19303,0,0,0,0,0,0,0,0,0,0,0,0,0,0,0,0,0,0,0,0,0,0,0,0,0,0,0,0,0,0,0,0,3121,0,0,0,0,0,0,0,0,0,0,0,0,0,0,0,0
859,19AMSC2,0,0,0,0,0,0,0,0,0,0,0,0,0,0,0,0,0,0,0,0,188,0,0,0,0,0,2280,0,0,0,0,0,0,0,0,0,6670,0,0,0,0,0,0,0,0,0,0,0,0,0,0,0,0,0,0,0,412,0,0,257,0,0,0,0,0,0,0,0,0
860,19AMSC3,0,0,0,0,0,0,0,0,0,0,0,0,0,0,0,0,0,0,0,18577,0,0,0,0,0,0,0,0,0,0,0,0,0,0,0,0,0,0,0,0,0,0,0,0,0,0,0,0,0,0,0,0,236,0,0,0,0,0,0,0,0,0,0,0,0,0,0,0,0
861,19AMSC4,0,772,0,0,0,0,0,0,0,0,0,0,0,0,0,0,0,0,0,12306,0,0,0,0,0,0,0,0,0,0,0,0,0,0,0,0,0,0,0,0,0,0,0,0,0,0,0,0,0,0,0,0,5436,0,0,0,0,0,0,0,0,0,0,0,0,0,0,0,0
862,19AMSC5,0,0,0,0,0,0,0,0,0,0,0,0,0,0,0,0,0,0,0,0,0,0,0,0,0,0,306,0,0,0,0,0,0,0,0,0,0,0,0,0,0,0,0,0,0,0,0,0,0,0,0,0,0,0,0,0,0,3622,0,0,0,0,0,0,0,0,0,0,0
863,19AMSC6,0,0,0,0,0,0,0,0,0,0,0,0,0,0,0,0,0,0,0,0,0,0,0,0,0,0,0,0,0,0,0,18264,0,0,0,0,0,0,2704,0,0,0,0,0,0,0,0,0,0,0,0,0,540,0,0,0,0,0,0,0,0,0,0,0,0,0,0,0,0
864,19AMSC7,0,0,0,0,0,0,0,0,0,0,0,0,0,0,0,0,0,0,0,3009,0,0,0,0,0,0,0,0,0,0,0,0,0,0,0,0,0,0,0,0,0,0,0,0,0,0,0,0,0,0,0,0,2241,0,0,0,0,0,0,0,0,0,0,0,0,0,0,0,0
865,19CHCI1,0,0,0,0,0,0,0,0,0,0,0,0,0,0,0,0,0,0,0,11411,0,0,0,0,0,0,0,0,1818,0,0,0,0,0,0,0,0,0,0,0,0,0,0,0,0,0,0,0,0,0,0,0,2727,0,0,0,0,0,0,0,0,0,0,0,0,0,0,0,0
866,19CHCI2,0,0,0,3246,0,0,0,0,0,0,0,0,0,0,0,0,0,0,0,6201,0,0,911,0,0,0,0,0,2060,0,0,0,0,0,0,0,0,0,0,0,0,0,0,0,0,0,0,0,0,0,0,0,0,0,0,0,0,0,0,0,0,0,0,0,0,0,0,0,0
867,19CHCI3,0,0,0,0,0,0,0,0,0,0,0,0,0,0,0,0,0,0,0,0,0,0,0,0,2806,0,0,0,8880,0,0,0,0,0,0,0,0,0,0,0,0,0,0,0,0,0,0,0,0,0,0,0,0,0,0,1063,0,0,0,0,0,0,0,0,0,0,0,0,0
868,19CHCI4,0,126,0,16,0,0,0,0,0,0,0,0,0,0,0,0,0,0,0,7807,0,0,0,13173,0,0,0,0,3359,0,0,0,0,0,0,0,0,0,0,0,0,0,0,0,0,0,0,0,0,0,0,0,0,692,0,0,0,0,0,0,0,0,0,0,0,0,0,0,0
869,19CHCI5,0,0,0,0,892,0,0,0,0,0,0,0,0,0,0,0,0,0,0,5680,0,0,2724,0,0,0,0,0,5443,0,0,0,0,0,0,0,0,0,0,0,0,0,0,0,0,0,0,0,0,0,0,0,0,0,0,2114,0,0,0,0,0,0,0,0,0,0,0,0,0
870,19CHCI6,0,0,0,2520,0,0,0,0,0,0,0,0,0,0,0,0,0,0,0,6085,0,0,971,0,0,0,0,0,0,0,0,0,0,0,0,0,0,0,0,0,0,0,0,532,0,0,0,0,0,0,0,0,3345,0,0,0,0,0,0,0,0,0,0,0,0,0,0,0,0
871,19CHLU1,0,0,0,0,0,0,0,0,0,0,0,0,0,0,0,0,0,0,0,8164,0,0,0,0,0,0,0,0,0,0,0,0,0,0,0,0,0,0,0,0,0,0,0,0,0,0,0,0,0,0,0,0,0,460,0,0,0,0,0,0,0,0,0,0,0,0,0,0,0
872,19CHLU2,0,0,0,0,0,0,0,0,0,0,0,0,0,0,0,0,0,0,0,3925,0,0,453,0,0,0,0,0,0,0,0,0,0,0,0,0,0,0,0,0,0,0,0,0,0,0,0,0,0,0,0,0,0,0,0,397,0,0,0,0,0,0,0,0,0,0,0,0,0
873,19CHLU3,0,0,0,0,0,0,0,0,0,0,0,0,0,0,0,0,0,0,0,0,0,0,0,0,2787,0,0,0,0,0,0,0,0,0,0,0,0,0,0,0,0,0,0,0,0,0,0,0,0,0,0,0,8200,0,0,0,0,0,0,0,0,0,0,0,0,0,0,0,0
874,19CHLU4,0,0,0,0,0,0,0,0,0,0,0,0,0,0,0,0,0,0,0,11805,0,0,0,3898,0,0,0,0,0,0,0,0,0,0,0,0,0,0,0,0,0,0,0,0,0,0,0,0,0,0,0,0,0,0,0,949,0,0,0,0,0,0,0,0,0,0,0,0,0
875,19CHLU5,0,0,0,0,0,0,0,0,0,0,0,0,0,0,0,0,0,0,0,8077,0,0,0,0,0,0,0,0,0,0,0,0,0,0,0,0,0,0,0,0,0,0,0,0,0,0,0,0,0,0,0,0,0,0,0,0,0,0,0,0,186,0,0,0,0,0,0,0,0
876,19CHLU6,0,0,0,0,0,0,0,0,0,0,0,0,0,0,0,0,0,0,0,7330,0,0,0,4494,0,0,0,0,0,0,0,0,0,0,0,0,0,0,0,0,0,0,0,0,0,0,0,0,0,0,0,0,0,0,0,0,0,0,0,0,0,0,0,0,0,0,0,0,0
877,19CHLU7,0,0,0,0,0,0,0,0,0,0,0,0,0,0,0,0,0,0,0,0,0,0,0,12468,9402,0,0,0,0,0,0,0,0,0,0,0,0,0,0,0,0,0,0,0,0,0,0,0,0,0,0,0,1004,0,0,0,0,0,0,0,0,0,0,0,0,0,0,0,0
878,19CHLU8,0,0,0,0,0,0,0,0,0,0,0,0,0,0,0,0,0,0,0,0,0,0,0,6664,11583,0,0,0,0,0,0,0,0,0,0,0,0,0,0,0,0,0,0,0,0,0,0,0,0,0,0,0,0,0,0,0,0,0,0,0,0,0,0,0,0,0,0,0,0
884,19CHOR1,0,0,0,0,0,0,0,0,0,0,0,0,0,0,0,0,0,0,0,9107,0,0,0,0,0,0,0,0,0,0,0,0,0,0,0,0,0,0,0,0,0,0,0,0,0,0,0,0,0,0,0,0,0,210,0,0,0,0,0,0,0,0,0,0,0,0,0,0,0
879,19CHOR10,300,0,0,0,0,0,0,0,0,0,0,0,0,0,0,0,0,0,0,19469,0,0,0,17223,0,0,0,0,0,0,0,0,0,0,0,0,0,0,0,0,0,0,0,0,0,0,0,0,0,0,0,0,1165,0,0,0,0,0,0,0,0,0,0,0,0,0,0,0,0
880,19CHOR11,0,0,0,0,0,0,0,0,0,0,0,0,0,0,0,0,0,0,0,12059,0,0,0,2599,0,0,0,0,0,0,0,0,0,0,0,0,0,0,0,0,0,0,0,0,0,0,0,0,0,0,0,0,1409,0,0,0,0,0,0,0,0,0,0,0,0,0,0,0,0
881,19CHOR12,197,0,0,0,0,0,0,0,0,0,0,0,0,0,0,0,0,0,0,14042,0,0,0,0,0,0,0,0,0,0,0,0,0,0,0,0,0,0,0,0,0,0,0,0,0,0,0,0,0,0,0,0,0,0,0,232,0,0,0,0,0,0,0,0,0,0,0,0,0
882,19CHOR13,0,0,0,0,0,0,0,0,0,161,0,0,0,0,0,0,0,0,0,0,0,0,0,13375,5248,0,0,0,0,0,0,0,0,0,0,0,0,0,0,0,0,0,0,0,0,0,0,0,0,0,0,0,310,0,0,0,0,0,0,0,0,0,0,0,0,0,0,0,0
883,19CHOR14,0,0,0,0,0,0,0,0,0,0,0,0,0,0,0,0,0,0,0,26285,0,0,2202,0,0,0,0,0,0,0,0,0,0,0,0,0,0,0,0,0,0,0,0,0,0,0,0,0,0,0,0,0,0,0,0,327,0,0,0,0,0,0,0,0,0,0,0,0,0
885,19CHOR2,0,0,0,0,0,0,0,0,0,0,0,0,0,0,0,0,0,0,0,11875,0,0,0,0,0,0,0,0,0,0,0,0,0,0,0,0,0,0,0,0,0,0,0,0,0,0,0,0,0,0,0,0,1362,0,0,0,0,0,0,0,0,0,0,0,0,0,0,0,0
886,19CHOR3,0,0,0,0,0,91,0,0,0,15,0,0,0,0,0,0,0,0,0,26376,0,0,0,0,0,0,0,0,0,0,1306,0,0,0,0,0,0,0,0,0,0,0,0,0,0,0,0,0,0,0,0,0,1489,0,0,0,0,0,0,0,0,0,0,0,0,0,0,0,0
887,19CHOR4,0,0,0,0,0,0,0,0,0,0,0,0,0,0,0,0,0,0,0,7172,0,0,0,0,0,0,0,0,0,0,0,0,0,0,0,0,0,0,0,0,0,0,0,0,0,0,0,0,0,0,0,0,0,0,0,249,0,0,0,0,0,0,0,0,0,0,0,0,0
888,19CHOR5,0,0,0,0,0,0,0,0,0,0,0,0,0,0,0,0,0,0,0,22321,0,0,0,0,0,0,0,0,0,0,0,0,0,0,0,0,0,0,0,0,0,0,0,0,0,0,0,0,0,0,0,0,0,0,0,276,0,0,0,0,0,0,0,0,0,0,0,0,0
889,19CHOR6,0,0,0,0,0,0,0,0,0,0,0,0,0,0,0,0,0,0,0,15621,0,0,0,0,0,0,0,0,0,0,0,0,0,0,0,0,0,0,0,0,0,0,0,0,0,0,0,0,0,0,0,0,585,0,0,0,0,0,0,0,0,0,0,0,0,0,0,0,0
890,19CHOR7,0,0,0,0,0,0,0,0,0,0,0,0,0,0,0,0,0,0,0,17783,0,0,0,0,0,0,0,0,0,0,0,0,0,0,0,0,0,0,0,0,0,0,0,0,0,0,0,0,0,0,0,0,0,0,0,675,0,0,0,0,0,0,0,0,0,0,0,0,0
891,19CHOR8,0,0,0,0,0,0,0,0,0,0,0,0,0,0,0,0,0,0,0,18860,0,0,0,0,0,0,0,0,0,0,0,0,0,0,0,0,0,0,0,0,0,0,0,0,0,0,0,0,0,0,0,0,450,0,0,0,0,0,0,0,0,0,0,0,0,0,0,0,0
892,19CHOR9,21,0,0,0,0,0,0,0,0,0,0,0,0,0,0,0,0,0,0,25172,0,0,0,7958,0,0,0,0,0,0,0,0,0,0,0,0,0,0,0,0,0,0,0,0,0,0,0,0,0,0,0,0,2444,0,0,0,0,0,0,0,0,0,0,0,0,0,0,0,0
893,19CHPE1,0,0,0,0,0,0,0,0,0,0,0,0,0,0,0,0,0,0,0,7018,0,0,0,0,0,0,0,0,0,0,0,0,0,0,0,0,0,0,0,0,0,0,0,0,0,0,0,0,0,0,0,0,4149,0,0,0,0,0,0,0,0,0,0,0,0,0,0,0,0
894,19CHPE2,0,0,0,0,0,0,0,0,0,0,0,0,0,0,0,0,0,0,0,7016,0,0,0,0,0,0,0,0,0,0,6098,0,0,0,0,0,0,0,0,0,0,0,0,0,0,0,0,0,0,0,0,0,0,0,9358,0,0,0,0,0,0,0,0,0,0,0,0,0,0
895,19CHPE3,0,0,0,0,0,0,0,0,0,0,0,0,0,0,0,0,0,0,0,36665,0,0,0,0,0,0,0,0,0,0,0,0,0,0,0,0,0,0,0,0,0,0,0,0,0,0,0,0,0,0,0,0,0,0,0,2984,0,0,0,0,0,0,0,0,0,0,0,0,0
896,19CHPE4,0,0,0,0,0,0,0,0,0,0,0,0,0,0,0,0,0,0,0,16815,0,0,0,0,0,0,0,0,0,0,0,0,0,0,0,0,0,0,0,0,0,0,0,0,0,0,0,0,0,0,0,0,0,0,7267,0,0,0,0,0,0,0,0,0,0,0,0,0,0
897,19CHPE5,0,0,0,0,0,0,0,0,0,0,0,0,0,0,0,0,0,0,0,3028,0,0,0,0,0,0,0,0,0,0,7251,0,0,0,0,0,0,0,0,0,0,0,0,0,0,0,0,0,0,0,0,0,0,1633,0,0,0,0,0,0,0,0,0,0,0,0,0,0,0
898,19CHPE6,0,0,0,0,430,0,0,0,0,0,0,0,0,0,0,0,0,0,0,11971,0,0,0,0,0,0,0,0,0,0,0,0,0,0,0,0,0,0,0,0,0,0,0,0,0,0,0,0,0,0,0,0,7408,0,0,0,0,0,0,0,0,0,0,0,0,0,0,0,0
899,19CHPE7,0,0,0,0,0,0,0,0,0,0,0,0,0,0,0,0,0,0,0,22781,0,0,0,0,0,0,0,0,0,0,0,0,0,0,0,0,0,0,0,0,0,0,0,0,0,0,0,0,0,0,0,0,20285,0,0,0,0,0,0,0,0,0,0,0,0,0,0,0,0
900,19CHPE8,0,0,0,0,0,0,0,0,0,0,0,0,0,0,0,0,0,0,0,18113,0,0,0,0,0,0,0,0,0,0,0,0,0,0,0,0,0,0,0,0,0,0,0,0,0,0,0,0,0,0,0,0,1389,0,0,0,0,0,0,0,0,0,0,0,0,0,0,0,0
903,19CHRE1,0,0,0,0,0,0,0,0,0,0,0,0,0,0,0,0,0,0,0,14663,0,0,0,0,0,0,0,0,0,0,0,0,0,0,0,0,0,0,0,0,0,0,0,0,0,0,0,0,0,0,0,0,0,0,0,209,0,0,0,0,0,0,0,0,0,0,0,0,0
901,19CHRE10,0,0,0,0,0,0,0,0,0,0,0,0,0,0,0,0,0,0,0,4048,0,0,0,0,0,0,0,0,0,0,0,0,0,0,0,0,0,0,0,0,0,0,0,0,0,0,0,0,0,0,0,0,0,0,0,0,0,0,0,0,0,0,0,0,0,0,0,0,0
902,19CHRE11,0,0,0,0,0,234,0,0,0,0,0,0,0,0,0,0,0,0,0,21537,0,0,3425,0,0,0,0,0,0,0,0,0,0,0,0,0,0,0,0,0,0,0,0,0,0,0,0,0,0,0,0,0,746,0,0,0,0,0,0,0,0,0,0,0,0,0,0,0,0
904,19CHRE2,0,0,0,0,0,0,0,0,0,0,0,0,0,0,0,0,0,0,0,13594,0,0,0,0,0,0,0,0,0,0,0,0,0,0,0,0,0,0,0,0,0,0,0,0,0,0,0,0,0,0,0,0,171,0,0,0,0,0,0,0,0,0,0,0,0,0,0,0,0
905,19CHRE3,289,0,0,0,0,0,0,0,0,0,0,0,0,0,0,0,0,0,0,15294,0,0,0,0,0,0,0,0,0,0,0,0,0,0,0,0,0,0,0,0,0,0,0,0,0,0,0,0,0,0,0,0,0,0,0,0,0,0,0,0,0,0,0,0,0,0,0,0,0
906,19CHRE4,0,0,0,0,0,0,0,0,0,0,0,0,0,0,0,0,0,0,0,29392,0,0,0,0,0,0,0,0,0,0,0,0,0,0,0,0,0,0,0,0,0,0,0,0,0,0,0,0,0,0,0,0,0,0,0,0,0,0,0,0,0,0,0,0,0,0,0,0,0
907,19CHRE5,0,0,0,0,0,0,0,0,0,0,0,0,0,0,0,0,0,0,0,15884,0,0,0,0,0,0,0,0,0,0,0,0,0,0,0,0,0,0,0,0,0,0,0,0,0,0,0,0,0,0,0,0,0,0,0,0,0,0,0,0,0,0,0,0,0,0,0,0,0
908,19CHRE6,0,0,0,0,0,0,0,0,0,0,0,0,0,0,0,0,0,0,0,30222,0,0,0,0,0,0,0,0,0,0,0,0,0,0,0,0,0,0,0,0,0,0,0,0,0,0,0,0,0,0,0,0,0,0,0,0,0,0,0,0,0,0,0,0,0,0,0,0,0
909,19CHRE7,0,0,0,0,0,0,0,0,0,0,0,0,0,0,0,0,0,0,0,15058,0,0,0,0,0,0,0,0,0,0,0,0,0,0,0,0,0,0,0,0,0,0,0,0,0,0,0,0,0,0,0,0,0,1701,0,0,0,0,0,0,0,0,0,0,0,0,0,0,0
910,19CHRE8,0,0,0,0,0,0,0,0,0,0,0,0,0,0,0,0,0,0,0,21073,0,0,0,0,0,0,0,0,0,0,0,0,0,0,0,0,0,0,0,0,0,0,0,0,0,0,0,0,0,0,0,0,0,623,0,0,0,0,0,0,0,0,0,0,0,0,0,0,0
911,19CHRE9,0,0,0,0,0,0,0,0,0,0,0,0,0,0,0,0,0,0,0,17781,0,0,1770,0,0,0,0,0,0,0,0,0,0,0,0,0,0,0,0,0,0,0,0,0,0,0,0,0,0,0,0,0,0,0,0,0,0,0,0,0,0,0,0,0,0,0,0,0,0
912,19CHSP1,0,0,0,0,0,184,0,0,0,0,0,0,0,0,0,0,0,0,0,6718,438,0,0,0,0,0,0,0,0,0,2382,0,0,0,0,0,0,0,0,0,0,0,0,0,0,0,0,0,0,0,0,0,28404,0,0,0,0,0,0,0,0,0,0,0,0,0,0,0,0
913,19CHSP2,0,0,0,0,0,138,0,0,0,0,0,0,0,0,0,0,0,0,0,1135,104,0,0,0,0,0,0,0,0,0,386,0,0,0,0,0,0,0,0,0,0,0,0,0,0,0,0,0,0,0,0,0,24262,0,0,0,0,0,0,0,0,0,0,0,0,0,0,0,0
914,19CHSP3,0,0,0,0,0,0,0,0,0,0,0,0,0,0,0,0,0,0,0,15078,0,0,0,0,0,0,0,0,0,0,0,0,0,0,0,0,0,0,0,0,0,0,0,0,0,0,0,0,0,0,0,0,4310,0,0,0,0,0,0,0,0,0,0,0,0,0,0,0,0
915,19CHSP4,0,0,0,0,0,0,0,0,0,0,0,0,0,0,0,0,0,0,0,4193,0,0,0,356,0,0,0,0,0,0,0,0,0,0,0,0,0,0,0,0,0,0,0,0,0,0,0,0,0,0,0,0,0,0,0,0,0,4754,0,0,0,0,0,0,0,0,0,0,0
916,19CHSP5,0,0,0,0,1930,0,0,0,0,0,0,0,0,0,0,0,0,0,0,0,0,0,0,0,0,0,0,0,0,0,0,0,0,0,0,0,0,0,0,0,0,0,0,0,0,0,0,0,0,0,0,0,15969,0,0,0,0,0,0,0,0,0,0,0,0,0,0,0,0
917,19CHSP6,0,0,0,0,0,0,0,0,0,0,0,0,0,0,0,0,0,0,0,0,0,0,64,0,201,0,0,0,0,0,0,0,122,0,0,0,0,0,0,0,0,0,0,0,0,0,0,0,0,0,0,0,5554,0,0,0,0,0,0,0,0,0,0,0,0,0,0,0,0
918,19CHSP7,0,0,0,0,0,0,0,0,0,0,0,0,0,0,0,0,0,0,0,0,0,0,0,6928,0,0,963,0,0,0,0,0,0,0,0,0,3772,0,0,0,0,0,0,0,0,0,0,0,0,0,0,0,16285,0,0,0,0,0,0,0,0,0,0,0,0,0,0,0,0
919,19CHSP8,0,0,0,0,0,0,0,0,0,0,0,0,0,0,0,0,0,0,0,0,0,0,0,0,392,0,0,0,0,0,0,0,0,0,0,0,0,0,0,0,0,0,0,0,0,0,0,0,0,0,0,0,19335,0,0,0,0,0,0,0,0,0,0,0,0,0,0,0,0
921,19CTFL1,0,36,294,149,0,0,0,0,0,0,0,0,0,0,0,0,0,0,0,4280,0,0,0,0,0,0,0,0,0,0,0,0,0,0,0,0,0,0,0,0,0,0,0,0,0,0,0,0,0,0,0,0,0,0,0,8818,0,0,0,0,0,0,0,0,0,0,0,0,0
922,19CTFL2,0,0,0,0,0,0,0,0,0,0,0,0,0,0,0,0,0,0,0,0,0,0,0,0,0,0,0,0,0,0,0,0,0,0,0,0,0,0,0,0,0,0,0,0,0,0,0,0,0,0,0,0,0,0,0,0,0,0,0,0,0,0,0,0,0,0,0,0,0
923,19CTFL3,0,0,1186,0,0,0,0,0,0,0,0,0,0,0,0,0,0,0,0,0,0,0,0,0,1489,0,0,595,0,0,0,0,226,0,0,0,0,0,0,0,0,0,0,0,0,0,222,0,0,0,0,0,0,15756,0,0,0,0,0,0,0,0,0,109,0,233,0,0,0
924,19CTFL4,0,0,0,0,0,232,0,0,0,0,0,0,0,0,0,0,0,0,0,0,0,0,0,0,0,252,0,0,0,0,0,0,0,0,0,0,0,0,0,56,0,0,0,0,0,0,0,0,0,0,0,0,24088,0,0,0,0,0,0,0,0,0,0,0,0,0,0,0,0
925,19CTFL5,0,0,0,0,0,144,0,0,0,0,0,0,0,0,0,0,0,0,0,0,0,0,0,0,284,0,0,37,0,0,0,0,133,0,0,0,0,0,0,0,0,0,0,0,0,0,0,0,0,0,0,0,17291,0,0,0,0,0,0,0,0,0,0,0,0,0,0,120,0
926,19CTFL6,0,0,0,63,0,0,0,35,38,0,0,0,0,83,0,0,0,0,0,0,0,0,0,0,0,152,0,55,0,0,0,0,88,0,0,0,0,0,0,0,0,0,0,0,0,0,0,0,0,0,0,0,18135,0,0,0,0,0,0,0,0,0,0,0,0,0,0,0,0
927,19CTFL7,0,0,0,111,0,0,0,0,0,0,0,0,0,0,0,0,0,0,0,0,0,0,0,0,0,183,0,0,77,0,0,0,0,0,0,0,0,0,0,0,0,0,0,0,0,0,0,0,0,0,0,0,16270,0,0,0,0,0,0,0,0,0,0,0,0,0,0,0,0
928,19CTFL8,0,0,0,0,0,0,1310,0,0,0,0,0,0,0,0,0,0,0,0,0,0,0,0,0,0,0,0,0,0,0,0,0,0,0,592,0,0,187,0,0,0,0,0,0,0,0,0,0,0,0,0,0,18496,0,0,0,0,0,0,0,0,0,0,0,0,0,0,0,0
929,19CTST1,0,116,799,0,0,0,0,0,0,0,0,0,0,0,0,0,0,0,0,0,32,0,0,0,0,0,0,0,0,0,0,0,0,0,842,0,0,0,0,0,0,0,0,0,0,0,0,0,0,0,0,0,8788,0,0,0,0,0,0,0,0,0,0,0,0,0,0,0,0
930,19CTST2,0,104,0,0,0,0,942,0,0,0,0,0,0,0,0,0,0,0,0,0,0,0,0,0,0,0,0,0,0,0,0,0,0,0,800,0,0,0,0,0,0,0,0,0,0,0,0,0,0,0,0,0,6998,0,0,0,0,0,0,0,0,0,0,0,238,0,0,0,0
931,19CTST3,0,0,0,0,0,0,1149,0,0,0,0,0,0,0,0,0,0,0,0,0,0,0,0,0,679,0,0,0,0,0,0,0,284,0,0,0,0,0,0,142,0,0,0,0,0,0,0,0,0,0,0,0,5842,0,0,0,0,0,0,0,0,0,0,0,284,19,0,0,0
932,19CTST4,0,0,0,0,0,0,2331,0,0,0,0,0,0,0,0,0,0,0,0,0,0,0,0,0,0,0,0,0,0,0,0,0,0,0,1940,0,0,0,0,0,0,0,0,0,0,0,0,0,0,0,0,0,14736,0,0,0,0,0,0,0,0,0,0,0,400,47,0,0,0
933,19CTST5,0,0,2844,0,557,0,0,0,0,0,0,0,0,0,0,0,0,0,0,0,0,0,0,0,0,0,0,0,0,0,0,0,0,0,2129,0,0,256,0,0,0,0,0,0,0,0,0,0,0,0,0,0,0,0,0,1311,0,0,0,0,0,0,0,0,137,21,0,0,0
934,19CTST6,91,0,2715,0,0,0,0,0,0,0,0,0,0,0,0,0,0,0,0,0,0,0,0,0,0,0,0,0,0,0,0,0,0,0,1206,0,0,182,0,0,0,0,0,0,0,0,0,0,0,0,0,0,11353,0,0,0,0,0,0,0,0,0,0,0,0,0,169,0,0
935,BAKH2O1,0,0,0,0,0,0,0,0,0,0,0,0,0,0,0,0,0,0,0,0,0,0,0,0,0,0,0,0,0,0,0,0,0,0,0,0,0,0,0,0,0,0,0,0,0,0,0,0,0,0,0,0,0,0,0,0,0,0,0,0,0,0,0,0,0,0,0,0,0
936,BAKH2O2,0,4879,0,0,0,0,0,0,0,0,0,0,0,0,0,0,0,0,0,0,0,0,0,0,0,0,0,0,0,0,0,0,0,0,0,0,0,0,0,0,0,0,0,0,0,0,0,0,0,0,0,0,0,0,0,0,0,0,0,0,0,0,424,0,0,0,0,0,0
937,BAKH2O3,0,112,0,0,0,0,0,0,0,0,0,0,0,0,0,399,0,0,0,0,0,0,0,0,0,0,0,473,0,0,0,0,0,0,0,0,0,0,0,0,0,0,0,0,0,0,0,0,0,0,0,0,0,0,0,0,0,0,0,0,0,0,0,0,0,0,0,0,0
938,BAKH2O4,0,838,0,0,0,0,0,0,0,0,0,0,0,0,0,0,0,0,0,0,343,0,1085,0,0,1047,0,0,0,0,0,0,0,0,0,0,0,0,0,0,0,0,0,0,0,0,0,0,0,0,0,0,0,0,0,0,0,0,0,0,0,0,0,0,0,0,0,0,0
939,BAKH2O5,0,0,0,0,0,0,0,0,0,0,0,0,0,0,0,0,0,0,0,0,0,0,263,0,0,0,2321,0,0,0,0,0,0,0,0,0,0,0,0,0,0,0,0,0,0,0,0,371,0,0,0,0,0,0,0,0,0,0,0,0,0,0,0,0,0,0,0,0,0
940,BAKH2O6,0,0,0,0,0,0,0,0,0,0,0,0,0,0,0,0,0,0,0,0,0,0,101,0,0,17,0,0,0,0,0,0,0,0,0,0,0,0,0,0,79,0,0,0,0,0,0,0,0,0,0,0,0,0,0,0,0,0,0,0,0,0,0,0,0,0,0,0,0
941,BAKSED1,0,43,0,0,0,0,0,0,0,0,0,174,0,0,0,0,0,0,0,0,0,0,1931,0,788,0,0,0,0,0,0,0,258,0,0,0,0,0,0,0,0,0,0,0,0,0,0,0,0,0,0,0,0,0,0,0,0,0,284,0,0,0,0,0,0,0,0,0,0
942,BAKSED2,1116,0,0,0,0,0,0,0,0,0,0,0,0,0,0,0,0,0,0,0,0,0,772,0,0,0,2382,760,0,0,0,0,0,0,0,0,0,0,0,0,0,0,0,0,0,0,0,0,0,0,0,0,0,0,0,0,0,0,0,0,0,367,0,691,0,0,0,0,0
943,BAKSED3,411,0,849,0,0,0,0,0,0,0,0,0,0,0,0,0,0,0,0,0,0,0,1411,0,0,328,0,0,0,0,0,0,0,0,0,0,0,0,0,0,0,0,0,0,0,0,0,0,0,0,0,0,0,0,0,0,0,0,0,0,0,0,0,0,0,0,0,0,0
944,BAKSED4,0,0,0,0,183,0,0,0,0,0,0,0,0,0,0,0,0,0,0,0,0,0,349,0,1616,0,0,279,0,0,0,0,0,0,0,0,0,0,0,0,0,0,0,0,0,0,0,0,0,0,0,0,23338,0,0,0,0,0,0,0,0,0,0,0,0,0,0,0,0
945,BAKSED5,0,383,0,0,0,0,0,0,0,0,0,0,0,0,0,0,0,0,0,0,0,0,801,0,0,0,0,0,0,0,0,0,0,0,0,0,0,0,0,0,0,0,0,0,0,0,0,0,0,0,0,0,0,0,0,0,0,0,0,0,0,0,0,344,0,0,0,0,0
946,BAKSED6,0,0,0,0,0,0,0,0,0,0,0,0,0,0,420,0,0,0,0,0,0,0,0,0,0,0,0,0,0,0,0,0,328,0,0,0,0,0,0,802,294,597,0,0,0,0,0,0,0,0,0,0,0,0,0,0,0,0,0,0,0,0,0,0,0,0,0,0,0
947,CT102,0,0,0,0,0,0,0,0,0,0,0,0,0,0,0,0,0,0,0,0,0,0,0,0,0,0,0,0,0,0,0,0,0,0,0,0,0,0,0,0,0,0,0,0,0,0,0,0,0,0,0,0,18444,0,0,0,0,0,0,0,0,0,0,0,0,0,0,0,0
948,CT108,17382,0,0,0,0,0,0,0,0,0,0,0,0,0,0,0,0,0,0,0,0,0,0,0,0,0,0,0,0,0,0,0,0,0,0,0,0,0,0,0,0,0,0,0,0,0,0,0,0,0,0,0,405,0,0,0,0,0,0,0,0,0,0,0,0,0,0,0,0
949,CT111,0,0,0,0,0,0,0,0,0,0,0,0,0,0,0,0,0,0,0,0,616,9996,0,0,0,0,0,0,0,0,0,0,0,0,0,0,0,0,0,0,0,0,0,0,0,0,0,0,0,0,0,0,1208,0,0,0,0,0,0,0,0,0,0,0,0,0,0,0,0
950,CT114,0,0,0,0,0,0,0,0,0,0,0,0,0,0,0,0,0,0,0,0,0,0,0,0,0,0,0,0,0,0,0,11067,0,0,0,0,0,0,0,0,0,0,0,0,0,0,0,0,0,0,0,0,0,0,0,0,0,0,0,0,0,0,0,0,0,0,0,0,0
951,CT117,16245,0,0,0,0,0,0,0,0,0,0,0,0,0,0,0,0,0,0,0,0,0,0,0,0,0,0,0,0,0,0,0,0,0,0,0,0,0,0,0,0,0,0,0,0,0,0,0,0,0,0,0,371,0,0,0,0,0,0,0,0,0,0,0,0,0,0,0,0
952,CT136,0,0,0,0,0,0,0,0,0,0,0,0,0,0,0,0,0,0,0,0,0,0,0,10093,0,0,0,0,0,0,0,0,0,0,0,0,0,0,0,0,0,0,0,0,0,0,0,0,0,0,0,0,0,0,0,0,0,0,0,0,0,0,0,0,0,0,0,0,0
953,CT139,0,0,0,0,0,0,0,0,0,0,0,0,0,0,0,0,0,0,0,0,0,0,0,12875,0,0,0,0,0,0,0,0,0,0,0,0,0,0,0,0,0,0,0,0,0,0,0,0,0,0,0,0,0,0,0,0,0,0,0,0,0,0,0,0,0,0,0,0,0
954,CT145,0,0,0,0,0,0,0,0,0,0,0,0,0,0,0,0,0,0,0,0,0,0,0,0,0,0,0,0,0,0,0,0,0,0,0,0,0,0,0,0,0,0,0,0,0,0,0,0,0,0,0,0,0,0,0,0,276,0,0,0,0,0,0,0,0,0,0,0,0
955,CT146,0,0,0,0,0,0,0,0,0,0,0,0,0,0,0,0,0,0,0,0,0,0,0,22208,0,0,0,0,0,0,0,0,0,0,0,0,0,0,0,0,0,0,0,0,0,0,0,0,0,0,0,0,394,0,0,0,0,0,0,0,0,0,0,0,0,0,0,0,0
956,CT149,0,0,0,0,0,0,0,0,0,0,0,0,0,0,0,0,0,0,0,0,884,15883,0,0,0,0,0,0,0,0,0,0,0,0,0,0,0,0,0,0,0,0,0,0,0,0,0,0,0,0,0,0,1168,0,0,0,0,0,0,0,0,0,0,0,0,0,0,0,0
957,CT153-1,0,0,0,0,0,0,0,0,0,0,0,0,0,0,0,0,0,0,0,0,0,0,0,0,0,0,0,0,0,0,0,42861,0,0,0,0,0,0,0,0,0,0,0,0,0,0,0,0,0,0,0,0,10557,0,0,0,0,0,0,0,0,0,0,0,0,0,0,0,0
958,CT153-2,0,0,0,0,0,0,0,0,0,0,0,0,0,0,0,0,0,0,0,0,0,0,0,0,0,0,0,0,0,0,0,42069,0,0,0,0,0,0,0,0,0,0,0,0,0,0,0,0,0,0,0,0,1954,0,0,0,0,0,0,0,0,0,0,0,0,0,0,0,0
959,CT155,0,0,0,0,0,0,0,0,0,0,0,0,0,0,0,0,0,0,0,0,0,0,0,42499,0,0,0,0,0,0,0,0,0,0,0,0,0,0,0,0,0,0,0,0,0,0,0,0,0,0,0,0,1422,0,0,0,0,0,0,0,0,0,0,0,0,0,0,0,0
960,CT159,0,0,0,0,0,0,0,0,0,0,0,0,0,0,0,0,0,0,0,0,0,0,0,0,0,0,0,0,0,0,0,0,0,0,0,0,0,0,0,0,0,0,0,0,0,0,0,0,0,0,0,0,13968,0,0,0,0,0,0,0,0,0,0,0,0,0,0,0,0
961,Ct17,0,0,0,0,0,0,0,0,0,0,0,0,0,0,0,0,0,0,0,0,0,0,0,0,0,0,0,0,0,0,0,14918,0,0,0,0,0,0,0,0,0,0,0,0,0,0,0,0,0,0,0,0,5976,0,0,0,0,0,0,0,0,0,0,0,0,0,0,0,0
962,CT21,0,0,0,0,0,0,0,0,0,0,0,0,0,0,0,0,0,0,0,0,0,0,0,0,0,0,0,0,0,0,0,0,0,0,0,8885,0,0,0,0,0,0,0,0,0,0,0,0,0,0,0,0,3226,0,0,0,0,0,0,0,0,0,0,0,0,0,0,0,0
963,CT22,0,0,0,0,0,0,0,0,0,0,0,0,0,0,0,0,0,0,0,0,0,0,0,28579,0,0,0,0,0,0,0,0,0,0,0,0,0,0,0,0,0,0,0,0,0,0,0,0,0,0,0,0,3643,0,0,0,0,0,0,0,0,0,0,0,0,0,0,0,0
964,CT25,0,0,0,0,0,0,0,0,0,0,0,0,0,0,0,0,0,0,0,0,0,0,0,38327,0,0,0,0,0,0,0,0,0,0,0,0,0,0,0,0,0,0,0,0,0,0,0,0,0,0,0,0,0,0,0,0,583,0,0,0,0,0,0,0,0,0,0,0,0
965,CT26,0,0,0,0,0,0,0,0,0,0,0,0,0,0,0,0,0,0,0,0,0,0,0,0,0,0,0,0,0,0,0,0,0,0,0,0,0,0,0,0,0,0,0,0,0,0,0,0,0,0,0,0,0,0,0,0,18079,0,0,1960,0,0,0,0,0,0,0,0,0
966,CT27,0,0,0,0,0,0,0,0,0,0,0,0,0,0,0,0,0,0,0,0,0,0,0,0,0,0,0,0,0,0,0,0,0,0,0,1662,0,0,0,0,0,0,0,0,0,0,0,0,0,0,0,0,15141,0,0,0,0,0,0,0,0,0,0,0,0,0,0,0,0
968,CT3,0,0,0,0,0,0,0,0,0,0,0,0,0,0,0,0,0,0,0,0,0,0,0,0,0,0,0,0,0,0,18188,0,0,0,0,0,0,0,0,0,0,0,0,0,0,0,0,0,0,0,0,0,0,0,0,0,0,0,0,0,0,0,0,0,0,0,0,0,0
967,CT33,0,0,0,0,0,0,0,0,0,0,0,0,0,0,0,0,0,0,0,0,0,0,0,0,0,0,0,0,0,0,0,4550,0,0,0,0,0,0,0,0,0,0,0,0,0,0,0,0,0,0,0,0,0,0,0,0,602,0,0,0,0,0,0,0,0,0,0,0,0
970,CT4,0,0,0,0,0,0,0,0,0,0,0,0,0,0,0,0,0,0,0,0,0,0,0,15830,0,0,0,0,0,0,0,0,0,0,0,0,0,0,0,0,0,0,0,0,0,0,0,0,0,0,0,0,0,0,0,0,0,0,0,0,0,0,0,0,0,0,0,0,0
969,CT49,0,0,0,0,0,0,0,0,0,0,0,0,0,0,0,0,0,0,0,0,1293,23924,0,0,0,0,0,0,0,0,0,0,0,0,0,0,0,0,0,0,0,0,0,0,0,0,0,0,0,0,0,0,4668,0,0,0,0,0,0,0,0,0,0,0,0,0,0,0,0
971,CT53,29032,0,0,0,0,0,0,0,0,0,0,0,0,0,0,0,0,0,0,0,0,0,0,0,0,0,0,0,0,0,0,0,0,0,0,0,0,0,0,0,0,0,0,0,0,0,0,0,0,0,0,0,1522,0,0,0,0,0,0,0,0,0,0,0,0,0,0,0,0
972,CT60,0,0,0,0,0,0,0,0,0,0,0,0,0,0,0,0,0,0,0,0,551,6724,0,0,0,0,0,0,0,0,0,0,0,0,0,0,0,0,0,0,0,0,0,0,0,0,0,0,0,0,0,0,2517,0,0,0,0,0,0,0,0,0,0,0,0,0,0,0,0
973,CT64,14838,0,0,0,0,0,0,0,0,0,0,0,0,0,0,0,0,0,0,0,0,0,0,0,0,0,0,0,0,0,0,0,0,0,0,0,0,0,0,0,0,0,0,0,0,0,0,0,0,0,0,0,321,0,0,0,0,0,0,0,0,0,0,0,0,0,0,0,0
974,CT65,0,0,0,0,0,0,0,0,0,0,0,0,0,0,0,0,0,0,0,0,0,0,0,0,0,0,0,0,0,0,0,72884,0,0,0,0,0,0,0,0,0,0,0,0,0,0,0,0,0,0,0,0,862,0,0,0,0,0,0,0,0,0,0,0,0,0,0,0,0
975,CT67,0,0,0,0,0,0,0,0,0,0,0,0,0,0,0,0,0,0,0,0,697,10911,0,0,0,0,0,0,0,0,0,0,0,0,0,0,0,0,0,0,0,0,0,0,0,0,0,0,0,0,0,0,707,0,0,0,0,0,0,0,0,0,0,0,0,0,0,0,0
976,CT68,0,0,0,0,0,0,0,0,0,0,0,0,0,0,0,0,0,0,0,0,0,0,0,18083,0,0,0,0,0,0,0,0,0,0,0,0,0,0,0,0,0,0,0,0,0,0,0,0,0,0,0,0,0,0,0,0,0,0,0,0,0,0,0,0,0,0,0,0,0
977,CT72,0,0,0,0,0,0,0,0,0,0,0,0,0,0,0,0,0,0,0,0,0,0,0,30840,0,0,0,0,0,0,0,0,0,0,0,0,0,0,0,0,0,0,0,0,0,0,0,0,0,0,0,0,592,0,0,0,0,0,0,0,0,0,0,0,0,0,0,0,0
978,CT73,11935,0,0,0,0,0,0,0,0,0,0,0,0,0,0,0,0,0,0,0,0,0,0,0,0,0,0,0,0,0,0,0,0,0,0,0,0,0,0,0,0,0,0,0,0,0,0,0,0,0,0,0,0,0,0,0,206,0,0,0,0,0,0,0,0,0,0,0,0
979,CT84,0,0,0,0,0,0,0,0,0,0,0,0,0,0,0,0,0,0,0,0,0,0,0,0,0,0,0,0,0,0,0,11600,0,0,0,0,0,0,1220,0,0,0,0,0,0,0,0,0,0,0,0,0,267,0,0,0,0,0,0,0,0,0,0,0,0,0,0,0,0
980,CT87,0,0,0,0,0,0,0,0,0,0,0,0,0,0,0,0,0,0,0,0,0,0,0,48419,0,0,0,0,0,0,0,0,0,0,0,0,0,0,0,0,0,0,0,0,0,0,0,0,0,0,0,0,0,0,0,0,0,0,0,0,0,0,0,0,0,0,0,0,0
981,CT94,11686,0,0,0,0,0,0,0,0,0,0,0,0,0,0,0,0,0,0,0,0,0,0,0,0,0,0,0,0,0,0,0,0,0,0,0,0,0,0,0,0,0,0,0,0,0,0,0,0,0,0,0,0,0,0,0,0,0,0,0,0,0,0,0,0,0,0,0,0
982,CT95,0,0,0,0,0,0,0,0,0,0,0,0,0,0,0,0,0,0,0,0,0,0,20649,0,0,0,0,0,0,0,0,0,0,0,0,0,0,0,0,0,0,0,0,0,0,0,0,0,0,0,0,0,0,0,0,0,0,0,0,0,0,0,0,0,0,0,0,0,0
989,FORH2O1,0,0,0,0,0,0,0,0,0,0,0,0,0,0,0,0,0,0,790,0,0,0,1130,0,0,2976,0,0,0,0,0,0,0,0,0,0,0,0,0,0,0,0,0,0,0,0,0,0,0,0,0,0,0,0,0,0,0,0,1103,0,0,0,0,0,0,0,0,0,0
990,FORH2O2,0,0,0,0,0,0,0,0,0,0,0,0,0,0,0,0,0,0,0,0,0,0,0,0,324,0,0,0,0,0,0,0,0,0,0,0,0,0,0,0,0,0,431,0,0,0,0,0,448,0,0,0,0,0,0,0,0,0,122,0,0,0,0,0,0,0,0,0,0
991,FORH2O3,0,0,0,0,0,0,0,0,0,0,1518,0,0,0,0,0,0,0,0,0,0,0,0,0,0,8475,0,3872,0,0,0,0,0,0,0,0,0,0,0,0,0,0,0,0,0,0,0,0,0,0,0,0,0,0,0,0,0,0,884,0,0,0,0,0,0,0,0,0,0
992,FORH2O4,0,0,0,0,0,0,0,0,0,0,0,0,0,0,0,0,0,0,0,0,0,0,0,0,711,0,0,114,0,0,0,0,0,0,0,0,0,0,0,0,0,0,0,0,0,0,0,0,0,0,0,0,0,0,0,0,0,0,0,0,0,0,0,0,0,0,0,0,0
993,FORH2O5,0,0,0,0,0,0,0,0,0,0,0,0,394,0,0,0,0,0,0,0,0,0,0,0,0,0,3262,0,0,0,337,0,0,0,0,0,0,0,0,0,0,0,0,0,0,0,0,0,0,0,0,0,0,0,748,0,0,0,0,0,0,49,69,0,0,0,0,0,0
994,FORH2O6,0,0,0,0,0,0,0,0,0,0,0,0,0,0,0,0,0,0,0,0,0,0,0,0,0,0,0,0,0,0,0,0,0,0,0,0,0,0,0,0,0,0,0,0,0,0,0,0,0,0,0,0,0,0,0,0,0,0,0,0,0,0,0,0,0,0,0,0,0
995,FORSED1,1044,0,0,0,0,0,0,0,0,0,0,0,0,0,0,0,0,0,1552,0,0,0,1095,0,0,0,0,0,1059,0,0,0,0,0,0,0,0,0,0,0,0,2132,0,0,0,0,0,0,0,0,0,0,0,0,0,0,0,0,0,495,0,0,0,0,0,0,0,0,0
996,FORSED2,0,0,0,0,0,0,0,76,0,0,0,0,0,0,0,0,0,0,0,0,0,0,2277,0,683,0,0,0,0,0,0,0,0,0,0,0,0,0,0,0,0,0,0,0,0,0,0,0,0,281,0,0,0,0,0,0,0,0,0,0,0,0,0,0,0,0,0,0,0
997,FORSED3,0,0,0,0,0,0,0,0,528,0,0,0,0,0,0,0,0,0,0,0,0,0,0,0,0,1821,0,0,0,0,0,0,0,0,0,0,0,785,0,0,0,0,0,0,0,0,0,0,0,0,0,0,0,0,0,0,0,0,376,218,0,0,0,0,0,0,0,0,0
998,FORSED4,0,0,0,0,0,0,0,0,0,0,0,0,0,0,0,0,316,0,0,0,0,0,514,0,0,0,2554,0,0,0,0,0,0,0,0,0,0,0,0,0,0,0,0,0,0,0,0,0,0,0,0,0,0,0,0,0,0,0,0,0,584,0,0,378,0,0,0,0,0
999,FORSED5,0,0,0,0,0,0,0,0,0,0,0,0,0,0,0,0,0,0,0,0,0,0,0,0,0,1014,0,0,713,0,1374,0,0,0,0,0,0,0,0,0,0,0,0,865,0,2086,0,0,0,0,0,0,0,0,0,0,0,0,0,0,978,0,0,0,0,0,0,0,0
1000,FORSED6,0,0,0,0,0,0,0,581,176,0,0,0,0,0,0,0,0,0,0,0,0,0,231,0,0,0,741,169,170,0,0,0,0,0,0,0,0,0,0,0,0,0,0,0,0,0,0,0,0,0,0,0,0,0,0,0,0,0,0,0,0,0,0,0,0,0,0,0,0
